ProductID,ProductName,Category,Price,UnitsSold,Rating
1,Product_1,Books,598.73,342,4.5
2,Product_2,Beauty,849.01,316,1.9
3,Product_3,Home & Kitchen,1305.19,101,2.4
4,Product_4,Beauty,887.34,244,1.3
5,Product_5,Beauty,1014.18,490,4.1
6,Product_6,Clothing,1496.97,12,2.6
7,Product_7,Home & Kitchen,949.53,239,4
8,Product_8,Home & Kitchen,4494.15,49,4.6
9,Product_9,Home & Kitchen,493.15,42,1.9
10,Product_10,Beauty,2670.11,166,4.2
11,Product_11,Books,2110.94,82,1.2
12,Product_12,Home & Kitchen,4913.66,429,4.6
13,Product_13,Sports,648.99,291,3.6
14,Product_14,Beauty,2049.49,158,4.5
15,Product_15,Clothing,4850.41,216,1
16,Product_16,Books,4340.98,490,1.7
17,Product_17,Sports,4103.65,158,2.6
18,Product_18,Sports,1363.72,462,2.5
19,Product_19,Clothing,937.35,134,1.9
20,Product_20,Books,3376.35,67,2.5
21,Product_21,Beauty,4653.94,336,1.5
22,Product_22,Electronics,2828.14,7,2.7
23,Product_23,Books,2900.9,436,4.2
24,Product_24,Clothing,1471.9,14,2.9
25,Product_25,Sports,3870.52,73,1.1
26,Product_26,Beauty,1016.51,399,2.7
27,Product_27,Books,1686.03,405,1.1
28,Product_28,Electronics,2184.64,163,4.9
29,Product_29,Electronics,2587.29,66,1.5
30,Product_30,Home & Kitchen,1287.81,347,3.8
31,Product_31,Home & Kitchen,662.7,130,4.9
32,Product_32,Clothing,3092.04,419,4.3
33,Product_33,Books,1514.29,466,3.8
34,Product_34,Books,2948.07,206,4.4
35,Product_35,Sports,856.38,276,4.9
36,Product_36,Sports,2457.59,466,3.5
37,Product_37,Sports,2709.69,256,3.2
38,Product_38,Home & Kitchen,353.94,266,3.5
39,Product_39,Books,1749.36,25,3.1
40,Product_40,Books,758.63,450,3.5
41,Product_41,Electronics,410.54,281,2.8
42,Product_42,Home & Kitchen,4950.81,253,1.9
43,Product_43,Beauty,1679.53,310,1.5
44,Product_44,Home & Kitchen,4068.38,289,1.3
45,Product_45,Beauty,1347.74,164,2.1
46,Product_46,Electronics,3439.36,95,1.2
47,Product_47,Clothing,3825.12,270,3.3
48,Product_48,Books,3018.63,321,2.1
49,Product_49,Electronics,2410.72,110,4.3
50,Product_50,Books,2118.02,336,1.3
51,Product_51,Sports,1809.45,310,1.9
52,Product_52,Clothing,4654.69,238,3.9
53,Product_53,Clothing,4170.04,381,3.4
54,Product_54,Electronics,4828.63,436,1.3
55,Product_55,Clothing,709.06,387,4.5
56,Product_56,Beauty,3681.25,483,4.5
57,Product_57,Clothing,4697.87,425,2.3
58,Product_58,Books,988.04,390,2.4
59,Product_59,Books,425.83,25,5
60,Product_60,Books,3731.49,141,3.5
61,Product_61,Books,2914.92,117,3.1
62,Product_62,Beauty,4224.96,482,4.4
63,Product_63,Home & Kitchen,784.88,392,2.1
64,Product_64,Sports,3996.81,405,2.7
65,Product_65,Electronics,1087.97,482,2.1
66,Product_66,Books,901.91,452,4.2
67,Product_67,Clothing,904.9,25,3.3
68,Product_68,Books,4091.42,79,3.6
69,Product_69,Clothing,3359.47,68,2
70,Product_70,Sports,2663.02,173,1.9
71,Product_71,Sports,1858.27,444,3
72,Product_72,Sports,4398.28,12,4
73,Product_73,Clothing,2022.98,288,3.1
74,Product_74,Books,4101.34,128,1.1
75,Product_75,Sports,2251.76,96,4.5
76,Product_76,Beauty,1947.03,92,1.3
77,Product_77,Clothing,2367.13,141,4.8
78,Product_78,Clothing,1576.75,31,1.1
79,Product_79,Books,3763.29,334,3.8
80,Product_80,Clothing,2563.33,20,1.3
81,Product_81,Clothing,1237.84,146,4.6
82,Product_82,Sports,4507.92,477,2.9
83,Product_83,Books,1981.07,316,1.6
84,Product_84,Sports,2763.41,447,2.4
85,Product_85,Sports,4541.71,390,1.7
86,Product_86,Books,3158.77,160,1.7
87,Product_87,Electronics,672.8,349,4.8
88,Product_88,Sports,4705.18,43,2.8
89,Product_89,Beauty,3175.77,254,4.2
90,Product_90,Beauty,1741.04,130,3.6
91,Product_91,Clothing,782.43,60,3.7
92,Product_92,Beauty,3990.72,151,1.5
93,Product_93,Clothing,3138.36,467,1.9
94,Product_94,Electronics,2713.96,287,4.1
95,Product_95,Books,4480.07,499,4.9
96,Product_96,Books,3964.13,5,2.1
97,Product_97,Books,843.21,467,2.1
98,Product_98,Beauty,1627.44,418,2.9
99,Product_99,Electronics,1317.6,266,4.9
100,Product_100,Beauty,3745.34,345,2.1
101,Product_101,Beauty,264.31,130,2.6
102,Product_102,Electronics,2892.46,382,4.6
103,Product_103,Electronics,3836.05,267,1
104,Product_104,Electronics,4396.15,178,1.2
105,Product_105,Electronics,1776.2,253,3.4
106,Product_106,Books,4124.16,415,4.6
107,Product_107,Home & Kitchen,642.1,56,2
108,Product_108,Home & Kitchen,4247.62,463,2.9
109,Product_109,Electronics,724.69,457,2.8
110,Product_110,Home & Kitchen,2046.71,471,2.9
111,Product_111,Home & Kitchen,4006.75,83,3.5
112,Product_112,Electronics,834.6,393,2.9
113,Product_113,Home & Kitchen,1223.33,99,2.8
114,Product_114,Beauty,3639.04,149,2.9
115,Product_115,Clothing,3628.18,329,3.4
116,Product_116,Clothing,3241.62,156,3.1
117,Product_117,Electronics,3500.35,190,4.4
118,Product_118,Books,2759.35,494,1.2
119,Product_119,Electronics,1333.82,371,4.3
120,Product_120,Books,1793.91,263,4.4
121,Product_121,Clothing,989.83,80,2.1
122,Product_122,Electronics,4551.41,400,2.9
123,Product_123,Sports,2958.62,252,2.8
124,Product_124,Beauty,2064.17,97,1.9
125,Product_125,Home & Kitchen,2363.83,260,2.6
126,Product_126,Books,4741.69,260,1.2
127,Product_127,Sports,851.42,103,2.1
128,Product_128,Home & Kitchen,2972.53,40,4.3
129,Product_129,Home & Kitchen,2578.85,273,2.1
130,Product_130,Electronics,3096.13,101,4.3
131,Product_131,Home & Kitchen,188.74,359,3.1
132,Product_132,Beauty,4373.41,380,4.5
133,Product_133,Sports,4667.38,308,3.3
134,Product_134,Home & Kitchen,2869.15,221,1.1
135,Product_135,Electronics,3513.59,308,3.7
136,Product_136,Beauty,4620.25,420,1.2
137,Product_137,Clothing,3565.47,124,2.8
138,Product_138,Sports,847.44,422,4.7
139,Product_139,Home & Kitchen,2923.81,231,1.7
140,Product_140,Electronics,3072.9,178,2.6
141,Product_141,Clothing,2178.24,63,3.9
142,Product_142,Clothing,3708.58,485,4.5
143,Product_143,Books,4678.4,116,3.7
144,Product_144,Beauty,4635.29,191,2
145,Product_145,Home & Kitchen,2309.11,62,3.7
146,Product_146,Electronics,654.87,256,2.2
147,Product_147,Books,4925.72,483,3.9
148,Product_148,Beauty,4210.6,7,4.8
149,Product_149,Books,710.85,155,3.9
150,Product_150,Sports,4612.13,92,4.5
151,Product_151,Beauty,4362.49,470,1
152,Product_152,Beauty,2642.31,14,3.9
153,Product_153,Home & Kitchen,2997.25,455,4.3
154,Product_154,Beauty,2055.11,229,1.2
155,Product_155,Books,368.33,86,4.5
156,Product_156,Beauty,1742.47,133,2
157,Product_157,Home & Kitchen,4033.98,183,3.7
158,Product_158,Home & Kitchen,122.7,386,4.2
159,Product_159,Sports,1734.15,62,3.7
160,Product_160,Books,2051.03,219,1.4
161,Product_161,Clothing,2733.24,405,3.4
162,Product_162,Clothing,4607.29,246,3.2
163,Product_163,Beauty,1797.1,230,4.6
164,Product_164,Sports,1800.07,79,2.6
165,Product_165,Electronics,3713.76,149,2.3
166,Product_166,Beauty,2315.87,138,4
167,Product_167,Sports,1200.56,471,2.7
168,Product_168,Books,2316.95,314,3.6
169,Product_169,Books,790.2,376,3.6
170,Product_170,Books,964.3,423,4.6
171,Product_171,Books,2542,389,3.4
172,Product_172,Books,2152.73,65,3
173,Product_173,Sports,4582.74,13,1.6
174,Product_174,Sports,1875.73,213,1.5
175,Product_175,Home & Kitchen,2944.88,474,1.6
176,Product_176,Clothing,3198.1,242,1.7
177,Product_177,Books,164.16,493,3.6
178,Product_178,Electronics,3351.33,213,4
179,Product_179,Sports,972.38,181,3.1
180,Product_180,Electronics,4809.24,338,4.3
181,Product_181,Electronics,828.45,485,5
182,Product_182,Electronics,2131.66,173,4.3
183,Product_183,Home & Kitchen,518.21,160,3.8
184,Product_184,Sports,4984.68,164,3.1
185,Product_185,Electronics,2560.76,465,2.8
186,Product_186,Books,3017.39,483,1.3
187,Product_187,Beauty,428.67,497,2.6
188,Product_188,Electronics,3774.81,188,4.6
189,Product_189,Home & Kitchen,1128.54,395,4.2
190,Product_190,Sports,4500.47,191,1.9
191,Product_191,Home & Kitchen,1105.18,405,2.9
192,Product_192,Electronics,1034.37,308,4.3
193,Product_193,Sports,279.09,256,1.3
194,Product_194,Beauty,2413.13,183,2.5
195,Product_195,Electronics,2867.72,117,4.4
196,Product_196,Home & Kitchen,421.97,282,2.6
197,Product_197,Clothing,3900.09,196,1.3
198,Product_198,Books,2321.12,34,3.2
199,Product_199,Home & Kitchen,2669.51,52,4.4
200,Product_200,Sports,2259.74,112,3.4
201,Product_201,Electronics,2063.74,252,1.9
202,Product_202,Books,2842.24,82,2.5
203,Product_203,Electronics,860.68,232,2.8
204,Product_204,Sports,991.45,227,3.3
205,Product_205,Electronics,4322.75,233,4
206,Product_206,Clothing,4735.97,221,1.4
207,Product_207,Books,1929.22,436,4.6
208,Product_208,Books,1426.65,413,1
209,Product_209,Sports,3255.6,422,2.5
210,Product_210,Clothing,2102.8,42,1.1
211,Product_211,Home & Kitchen,224.39,21,2.6
212,Product_212,Electronics,865.15,42,3.1
213,Product_213,Beauty,3608.26,397,3
214,Product_214,Electronics,3328.73,113,1.7
215,Product_215,Electronics,232.77,105,3.6
216,Product_216,Home & Kitchen,1187.66,192,1.2
217,Product_217,Electronics,1232.27,17,4
218,Product_218,Clothing,3392.27,120,4.8
219,Product_219,Clothing,196.58,393,2.4
220,Product_220,Books,610.13,425,3.1
221,Product_221,Sports,4019.59,129,2.5
222,Product_222,Beauty,974.87,130,1
223,Product_223,Electronics,3298.46,60,2.5
224,Product_224,Electronics,1267.1,48,4.2
225,Product_225,Home & Kitchen,587.26,29,3.4
226,Product_226,Sports,1291.54,97,1.4
227,Product_227,Clothing,3639.11,10,4.4
228,Product_228,Beauty,4292.91,242,3.1
229,Product_229,Books,4168.08,314,4.4
230,Product_230,Clothing,2046.2,444,3.3
231,Product_231,Sports,3373.62,232,3.2
232,Product_232,Books,1104.42,277,1.4
233,Product_233,Home & Kitchen,1536.42,284,1.7
234,Product_234,Home & Kitchen,4492.05,203,4.9
235,Product_235,Electronics,163.71,247,1.9
236,Product_236,Sports,518.99,290,4.9
237,Product_237,Beauty,1118.64,264,3.1
238,Product_238,Books,230.01,443,1.5
239,Product_239,Clothing,989.03,214,1.4
240,Product_240,Sports,2956.9,200,1.8
241,Product_241,Sports,2164.98,433,4.7
242,Product_242,Home & Kitchen,4474.09,79,2.7
243,Product_243,Electronics,4105.47,401,2.6
244,Product_244,Electronics,1774.91,444,2.3
245,Product_245,Books,1371.17,343,1.6
246,Product_246,Home & Kitchen,1960.49,344,3
247,Product_247,Sports,2992.45,173,1.5
248,Product_248,Beauty,1413.51,467,4.3
249,Product_249,Home & Kitchen,3158.33,69,2.5
250,Product_250,Books,2106.12,416,2.5
251,Product_251,Books,2805.03,428,2.9
252,Product_252,Home & Kitchen,2237.02,449,2.8
253,Product_253,Books,1542.88,87,5
254,Product_254,Home & Kitchen,4747.42,101,3.2
255,Product_255,Clothing,3841.67,8,1.4
256,Product_256,Home & Kitchen,786.55,333,3.4
257,Product_257,Home & Kitchen,4355.49,200,1.6
258,Product_258,Books,2488.41,87,1.1
259,Product_259,Books,4483.31,43,4.9
260,Product_260,Electronics,4019.29,385,4.1
261,Product_261,Electronics,2183.55,109,4.9
262,Product_262,Clothing,210.1,435,2.9
263,Product_263,Electronics,1416.52,408,3.1
264,Product_264,Home & Kitchen,2754.01,483,1.7
265,Product_265,Books,3204.04,152,2
266,Product_266,Electronics,1363.65,17,4.4
267,Product_267,Electronics,782.84,133,2.4
268,Product_268,Clothing,4191.16,148,4.3
269,Product_269,Sports,4923.57,277,3.8
270,Product_270,Clothing,2675.88,232,1.7
271,Product_271,Home & Kitchen,941.23,314,3
272,Product_272,Books,1434.31,415,3.7
273,Product_273,Clothing,190.11,366,1.9
274,Product_274,Electronics,4580.06,228,4.3
275,Product_275,Books,676.98,139,3.2
276,Product_276,Books,2924.93,436,1.7
277,Product_277,Electronics,1442.87,399,3.3
278,Product_278,Clothing,2815.47,211,5
279,Product_279,Electronics,3291.96,391,1.6
280,Product_280,Sports,4165.73,499,4.3
281,Product_281,Books,1111.46,28,1.8
282,Product_282,Beauty,153.88,51,4.1
283,Product_283,Beauty,770.74,491,3.9
284,Product_284,Home & Kitchen,4510.09,442,2.2
285,Product_285,Electronics,4382.06,261,2.3
286,Product_286,Electronics,3027.32,261,4.2
287,Product_287,Home & Kitchen,3042.53,350,2.8
288,Product_288,Home & Kitchen,3358.68,352,3.9
289,Product_289,Home & Kitchen,959.32,8,1.6
290,Product_290,Books,4580.62,320,4.4
291,Product_291,Sports,2151.98,138,3.8
292,Product_292,Electronics,1977.38,38,4.6
293,Product_293,Books,2642.7,111,1.5
294,Product_294,Home & Kitchen,330.13,480,3.4
295,Product_295,Electronics,914.79,368,3.4
296,Product_296,Books,3716.36,220,2.4
297,Product_297,Sports,505.71,337,2.8
298,Product_298,Books,3055.45,223,1.2
299,Product_299,Sports,1302.21,136,4
300,Product_300,Home & Kitchen,2007.55,256,3.2
301,Product_301,Sports,1514.6,360,1.2
302,Product_302,Electronics,1842.8,409,3.7
303,Product_303,Home & Kitchen,3623.32,329,2.9
304,Product_304,Electronics,1555.9,450,1.1
305,Product_305,Beauty,2875.38,463,4.9
306,Product_306,Clothing,2432.65,434,4.8
307,Product_307,Sports,3351.99,451,3.1
308,Product_308,Clothing,4690.47,49,1.4
309,Product_309,Clothing,3689.6,292,4
310,Product_310,Sports,1153.21,382,3
311,Product_311,Home & Kitchen,252.8,324,2.2
312,Product_312,Beauty,1385.09,78,3
313,Product_313,Electronics,3015.88,105,3.1
314,Product_314,Books,351.99,169,3.3
315,Product_315,Electronics,2532.19,217,2.8
316,Product_316,Books,3024.53,378,3.4
317,Product_317,Electronics,1737.8,119,4.7
318,Product_318,Sports,3877.47,190,2.4
319,Product_319,Beauty,622.33,255,3.9
320,Product_320,Books,468.18,370,4.6
321,Product_321,Home & Kitchen,3668.12,266,2.8
322,Product_322,Electronics,2527.91,149,2.8
323,Product_323,Electronics,3473.17,164,3.4
324,Product_324,Books,2230.65,140,3.4
325,Product_325,Home & Kitchen,1307.37,347,4.2
326,Product_326,Home & Kitchen,4113.6,488,2.9
327,Product_327,Sports,4017.14,258,5
328,Product_328,Sports,3504.01,374,1.2
329,Product_329,Sports,1433.51,269,1
330,Product_330,Sports,2992.13,181,3.6
331,Product_331,Sports,1868.77,160,2.2
332,Product_332,Sports,548.75,351,2
333,Product_333,Beauty,4594.84,400,2.2
334,Product_334,Home & Kitchen,770.41,288,2
335,Product_335,Sports,4756.16,288,1.1
336,Product_336,Home & Kitchen,2285.43,380,4.9
337,Product_337,Home & Kitchen,1007.15,226,1.9
338,Product_338,Clothing,2755.31,11,3.9
339,Product_339,Beauty,4377.43,10,4.1
340,Product_340,Sports,3687.9,271,4.7
341,Product_341,Electronics,4052.15,273,1.1
342,Product_342,Books,3328.04,424,4.5
343,Product_343,Electronics,3492.16,402,3.1
344,Product_344,Beauty,4261.06,183,3.5
345,Product_345,Books,1323.37,457,3.6
346,Product_346,Beauty,2498.18,153,4.3
347,Product_347,Home & Kitchen,1183.93,488,2.3
348,Product_348,Books,4939.57,315,3.9
349,Product_349,Home & Kitchen,4725.89,334,3.1
350,Product_350,Electronics,293.19,124,4.2
351,Product_351,Electronics,3557.32,473,5
352,Product_352,Books,4633.72,114,1.8
353,Product_353,Books,984.82,278,5
354,Product_354,Sports,2882.93,414,1.4
355,Product_355,Beauty,4585.89,468,1
356,Product_356,Sports,266.34,213,1.2
357,Product_357,Beauty,3517.36,172,2.4
358,Product_358,Sports,1557.01,288,3.5
359,Product_359,Home & Kitchen,4629.54,435,1.3
360,Product_360,Books,4858.19,174,1
361,Product_361,Electronics,4726.91,113,4.7
362,Product_362,Beauty,2423.65,376,4.3
363,Product_363,Beauty,4324.01,405,4.2
364,Product_364,Electronics,4238.29,483,4.5
365,Product_365,Sports,1663.59,122,3.8
366,Product_366,Beauty,4161.69,32,1.4
367,Product_367,Home & Kitchen,281.34,222,2.6
368,Product_368,Books,3021.72,119,3.9
369,Product_369,Electronics,1227.04,39,2.1
370,Product_370,Books,690.78,497,3.7
371,Product_371,Beauty,477.07,268,1.1
372,Product_372,Beauty,3511.82,233,2.2
373,Product_373,Electronics,1765.39,431,3.2
374,Product_374,Home & Kitchen,3651.36,18,3.5
375,Product_375,Clothing,420.25,149,3.3
376,Product_376,Electronics,1644.92,397,3.8
377,Product_377,Clothing,2743.51,149,1
378,Product_378,Sports,3974.54,126,1.4
379,Product_379,Clothing,1661.89,392,4.5
380,Product_380,Home & Kitchen,3166.87,302,3.7
381,Product_381,Sports,4441.29,360,1.5
382,Product_382,Clothing,3117.73,238,4.4
383,Product_383,Sports,1241.5,135,2
384,Product_384,Clothing,219.56,151,2.9
385,Product_385,Home & Kitchen,4363.48,236,1.6
386,Product_386,Clothing,204.22,224,3.8
387,Product_387,Clothing,4386.04,203,3.7
388,Product_388,Clothing,2691.79,256,1.8
389,Product_389,Electronics,4701.43,86,4.5
390,Product_390,Electronics,4014.04,150,2.6
391,Product_391,Electronics,4989.88,235,2.2
392,Product_392,Home & Kitchen,1818.49,345,1.6
393,Product_393,Sports,3859.22,22,2.1
394,Product_394,Beauty,2069.46,348,1.1
395,Product_395,Clothing,2451.39,285,3.3
396,Product_396,Clothing,3174.78,269,4.4
397,Product_397,Home & Kitchen,4381.02,466,3.2
398,Product_398,Clothing,4922.01,258,1.9
399,Product_399,Electronics,3864.54,29,1.1
400,Product_400,Beauty,2147.06,213,1.9
401,Product_401,Books,2164.65,463,2.7
402,Product_402,Clothing,3714.15,436,4
403,Product_403,Electronics,1270.01,283,1.8
404,Product_404,Books,641.32,50,3.9
405,Product_405,Beauty,1837.65,95,4.5
406,Product_406,Books,1507.47,463,2.8
407,Product_407,Electronics,1551.91,499,4.3
408,Product_408,Sports,1244.68,407,3.2
409,Product_409,Sports,306.26,88,3.5
410,Product_410,Books,187.58,44,3.1
411,Product_411,Home & Kitchen,4939.84,461,2.9
412,Product_412,Books,2196.09,278,1.9
413,Product_413,Clothing,1983.2,171,2.2
414,Product_414,Clothing,3430.27,421,2.2
415,Product_415,Sports,1169.44,189,3.3
416,Product_416,Home & Kitchen,4754.81,353,1.5
417,Product_417,Electronics,3953.09,184,4.7
418,Product_418,Clothing,538.11,3,3.9
419,Product_419,Sports,2146.15,191,2.6
420,Product_420,Beauty,4407.68,118,1.6
421,Product_421,Sports,4729.19,19,4.5
422,Product_422,Clothing,2390.27,23,4.3
423,Product_423,Clothing,3105.72,413,3.9
424,Product_424,Sports,918.47,30,2.1
425,Product_425,Electronics,4956.73,295,2.6
426,Product_426,Books,1235.19,108,1.4
427,Product_427,Clothing,4719.39,367,1.8
428,Product_428,Sports,3283.27,281,4.1
429,Product_429,Sports,3077.91,128,3.9
430,Product_430,Home & Kitchen,2612.17,229,3.4
431,Product_431,Books,1230.28,111,4.6
432,Product_432,Beauty,964.99,136,3.3
433,Product_433,Electronics,1180.38,362,2.9
434,Product_434,Beauty,1013.55,186,2.4
435,Product_435,Books,3919.96,144,4.8
436,Product_436,Books,1815.61,72,1.3
437,Product_437,Books,383.43,129,4.7
438,Product_438,Beauty,4848.6,364,4.3
439,Product_439,Books,4430.55,261,1.5
440,Product_440,Sports,4645.99,3,3.3
441,Product_441,Beauty,4975.05,449,4.5
442,Product_442,Books,952.09,388,3.3
443,Product_443,Sports,2041.59,104,4.6
444,Product_444,Home & Kitchen,3815.37,483,4.8
445,Product_445,Books,3510.5,224,2.7
446,Product_446,Beauty,854.09,320,2.5
447,Product_447,Clothing,4097.58,362,4.7
448,Product_448,Books,1199.76,354,3.7
449,Product_449,Clothing,1196.71,491,1.5
450,Product_450,Sports,2731.17,473,1.2
451,Product_451,Home & Kitchen,3005.41,10,3.3
452,Product_452,Electronics,2942.42,405,4.7
453,Product_453,Home & Kitchen,548.29,384,4.4
454,Product_454,Books,4399.56,302,3.7
455,Product_455,Clothing,1401.44,231,1.6
456,Product_456,Clothing,734.62,219,2
457,Product_457,Beauty,4454.87,411,4.5
458,Product_458,Clothing,4782.69,66,1.7
459,Product_459,Beauty,4324.43,425,2.1
460,Product_460,Sports,4066.63,112,1.5
461,Product_461,Electronics,3310.69,13,3.7
462,Product_462,Books,2799.2,393,4.8
463,Product_463,Beauty,526.24,420,2.1
464,Product_464,Electronics,2101.42,86,2.9
465,Product_465,Clothing,1926.17,234,3.5
466,Product_466,Clothing,1372.79,90,5
467,Product_467,Electronics,3644.76,314,1.4
468,Product_468,Clothing,2529.79,54,3
469,Product_469,Sports,497.13,12,2.5
470,Product_470,Sports,1178.9,209,4.5
471,Product_471,Electronics,3447.97,462,2.9
472,Product_472,Beauty,473.04,14,1.4
473,Product_473,Beauty,4270.91,121,3.5
474,Product_474,Electronics,2526.22,418,4.1
475,Product_475,Beauty,2454.87,437,1
476,Product_476,Beauty,3002.8,377,4.4
477,Product_477,Sports,4140.94,20,1.7
478,Product_478,Beauty,1804.27,75,3.2
479,Product_479,Home & Kitchen,3422.28,400,2.7
480,Product_480,Books,2872.09,243,3.9
481,Product_481,Clothing,1408.44,223,2.5
482,Product_482,Home & Kitchen,4405.29,70,4.5
483,Product_483,Beauty,4007.39,312,3.9
484,Product_484,Sports,3326.41,211,3.6
485,Product_485,Electronics,4267.85,101,4.2
486,Product_486,Beauty,4349.74,186,4
487,Product_487,Sports,3570.98,132,1.1
488,Product_488,Books,4201.37,111,2.6
489,Product_489,Beauty,3517.61,381,4.7
490,Product_490,Electronics,3432.69,132,1.5
491,Product_491,Sports,3131.2,20,3.9
492,Product_492,Sports,3788.31,394,4.9
493,Product_493,Sports,877.17,24,1.2
494,Product_494,Books,4416.27,227,3.7
495,Product_495,Beauty,4372.03,154,2.9
496,Product_496,Books,243.31,293,3.3
497,Product_497,Clothing,4146.5,230,1.3
498,Product_498,Clothing,731.46,469,1.2
499,Product_499,Beauty,1742.08,310,3.7
500,Product_500,Books,3743.19,488,4.3
501,Product_501,Electronics,887.72,359,4.1
502,Product_502,Sports,4108.04,405,3.2
503,Product_503,Sports,4177.46,202,1.4
504,Product_504,Beauty,2586.59,38,3.8
505,Product_505,Clothing,131.29,430,2
506,Product_506,Clothing,1506.49,260,4.6
507,Product_507,Sports,3122.94,188,4.4
508,Product_508,Beauty,4907.81,57,3.8
509,Product_509,Books,3195.89,429,4.8
510,Product_510,Clothing,1373.04,20,1.1
511,Product_511,Books,3206.63,273,3.9
512,Product_512,Clothing,2745.93,119,2.3
513,Product_513,Clothing,3921.24,71,4.6
514,Product_514,Home & Kitchen,624.21,4,2.1
515,Product_515,Clothing,3829.04,221,3.9
516,Product_516,Electronics,2752.21,14,4.5
517,Product_517,Beauty,4818.66,3,1.2
518,Product_518,Beauty,1775.17,216,2.6
519,Product_519,Books,3199.85,229,4
520,Product_520,Clothing,4666.94,336,2.8
521,Product_521,Electronics,602.3,186,2.1
522,Product_522,Books,4692.42,55,1.9
523,Product_523,Home & Kitchen,3470.64,388,1.5
524,Product_524,Books,432.4,376,4.4
525,Product_525,Books,1574.72,254,3.3
526,Product_526,Clothing,3570.04,24,1.3
527,Product_527,Home & Kitchen,430.02,162,2.5
528,Product_528,Books,2952.64,158,2.5
529,Product_529,Electronics,1794.83,82,1.7
530,Product_530,Electronics,3142.49,403,2.7
531,Product_531,Beauty,324.14,159,2.3
532,Product_532,Home & Kitchen,4370.53,188,2.4
533,Product_533,Home & Kitchen,4870.1,60,4
534,Product_534,Beauty,4847.5,403,1.9
535,Product_535,Books,3773.29,305,3.6
536,Product_536,Home & Kitchen,737.42,319,3.3
537,Product_537,Electronics,3815.49,366,3.3
538,Product_538,Electronics,220.48,211,3.7
539,Product_539,Clothing,208.41,406,3.2
540,Product_540,Home & Kitchen,1685.69,152,4.5
541,Product_541,Books,2494.35,109,3.7
542,Product_542,Beauty,3875,76,3.2
543,Product_543,Beauty,3448.15,30,4.3
544,Product_544,Books,2284.92,314,3.4
545,Product_545,Sports,1440.77,486,2.2
546,Product_546,Clothing,4985.91,117,1.8
547,Product_547,Beauty,2188.29,415,1.6
548,Product_548,Home & Kitchen,2311.8,356,4.6
549,Product_549,Clothing,901.76,192,3.8
550,Product_550,Home & Kitchen,3994.57,19,4.7
551,Product_551,Electronics,3499.04,432,3.4
552,Product_552,Clothing,1181.77,173,2.9
553,Product_553,Beauty,503.67,228,1.2
554,Product_554,Clothing,3434.45,350,3.7
555,Product_555,Clothing,3307.1,183,3.3
556,Product_556,Clothing,1438.97,113,5
557,Product_557,Sports,4759.23,183,2
558,Product_558,Clothing,840.18,481,3.1
559,Product_559,Home & Kitchen,2218.44,146,3.6
560,Product_560,Electronics,4723.72,319,3.6
561,Product_561,Books,2156.66,116,3.2
562,Product_562,Clothing,3228.78,113,4.1
563,Product_563,Beauty,2048.21,251,1.8
564,Product_564,Clothing,1443.65,476,3.9
565,Product_565,Beauty,4921.49,251,3.5
566,Product_566,Home & Kitchen,2105.74,303,4.6
567,Product_567,Beauty,4481.09,459,4.4
568,Product_568,Books,1226.78,313,2.3
569,Product_569,Electronics,1144.21,118,2.1
570,Product_570,Beauty,252.56,301,4.9
571,Product_571,Beauty,3293.17,161,3.1
572,Product_572,Electronics,1905.78,401,4.6
573,Product_573,Books,4335.36,198,1.7
574,Product_574,Clothing,2418.73,260,3.6
575,Product_575,Beauty,4844.15,148,4.2
576,Product_576,Electronics,1009.08,240,4.8
577,Product_577,Home & Kitchen,4356.25,47,2.3
578,Product_578,Electronics,3905.32,475,3.9
579,Product_579,Home & Kitchen,3877.52,399,3.2
580,Product_580,Books,4239.44,198,1.2
581,Product_581,Clothing,3829.02,47,3.8
582,Product_582,Electronics,3168.48,78,3.8
583,Product_583,Sports,743.1,124,4.7
584,Product_584,Beauty,259.38,75,3
585,Product_585,Books,4612.15,359,1.9
586,Product_586,Electronics,3121.59,137,1.2
587,Product_587,Beauty,4003.03,90,2.7
588,Product_588,Electronics,2459.46,400,2.2
589,Product_589,Home & Kitchen,674.81,325,4
590,Product_590,Electronics,713.41,61,2.4
591,Product_591,Sports,3459.27,138,4.8
592,Product_592,Electronics,2208.5,50,4.8
593,Product_593,Electronics,1082.57,259,3.5
594,Product_594,Sports,2508.81,461,4.7
595,Product_595,Books,414.62,107,4
596,Product_596,Electronics,2951.66,113,3.2
597,Product_597,Sports,1418.07,350,1.7
598,Product_598,Beauty,4008.04,254,2.8
599,Product_599,Home & Kitchen,1620.77,118,3.2
600,Product_600,Home & Kitchen,2330.58,493,4.5
601,Product_601,Electronics,156.94,198,2.9
602,Product_602,Books,454.99,337,4.6
603,Product_603,Books,2023.22,365,3.7
604,Product_604,Beauty,2451.7,51,1.5
605,Product_605,Electronics,3040.1,245,5
606,Product_606,Home & Kitchen,1529.15,403,3.1
607,Product_607,Books,3505.41,426,2.6
608,Product_608,Electronics,4314.6,35,3.6
609,Product_609,Books,3921.27,302,1.4
610,Product_610,Sports,294.13,410,3.5
611,Product_611,Books,2454.48,499,3
612,Product_612,Home & Kitchen,614.16,69,2.6
613,Product_613,Clothing,1286.02,349,4.8
614,Product_614,Beauty,4934.65,320,3.1
615,Product_615,Beauty,798.23,421,1.9
616,Product_616,Home & Kitchen,2544.55,468,2.8
617,Product_617,Books,3128.96,49,4.7
618,Product_618,Electronics,3542.08,405,1.7
619,Product_619,Books,2842.28,74,1.9
620,Product_620,Home & Kitchen,147.88,192,1.1
621,Product_621,Beauty,1699.66,261,1.1
622,Product_622,Books,2636.79,356,4.3
623,Product_623,Beauty,530.55,70,3.9
624,Product_624,Electronics,1818.07,90,2.4
625,Product_625,Beauty,262.7,260,3.8
626,Product_626,Beauty,485.03,126,2.6
627,Product_627,Clothing,2044.92,231,4.8
628,Product_628,Clothing,750.31,295,4.9
629,Product_629,Sports,2880.95,498,2.6
630,Product_630,Clothing,3478.38,419,4.4
631,Product_631,Beauty,4022.87,129,4.1
632,Product_632,Home & Kitchen,1080.74,280,2.2
633,Product_633,Beauty,920.66,313,1.9
634,Product_634,Home & Kitchen,612.38,100,2.8
635,Product_635,Home & Kitchen,3218.51,326,4.1
636,Product_636,Clothing,3561.73,297,4.8
637,Product_637,Books,254.77,182,4.1
638,Product_638,Electronics,4687.44,174,4.4
639,Product_639,Clothing,354.66,316,3.4
640,Product_640,Clothing,2752.35,364,4.3
641,Product_641,Books,3574.4,188,4.1
642,Product_642,Electronics,4367.75,57,2.5
643,Product_643,Beauty,3599.03,31,3.2
644,Product_644,Sports,4028.47,84,4.2
645,Product_645,Sports,1763.31,152,1.2
646,Product_646,Beauty,4092.64,473,4.2
647,Product_647,Clothing,492.56,36,1.7
648,Product_648,Electronics,4484.6,213,3.1
649,Product_649,Clothing,2783.2,414,4.2
650,Product_650,Home & Kitchen,4104.76,408,2
651,Product_651,Clothing,2316.36,364,2
652,Product_652,Clothing,3253.53,106,2.6
653,Product_653,Beauty,2679.37,414,4.6
654,Product_654,Beauty,3684.79,342,1
655,Product_655,Beauty,499.99,220,4.6
656,Product_656,Sports,395.73,391,1.6
657,Product_657,Home & Kitchen,1310.81,163,5
658,Product_658,Beauty,881.77,439,4.8
659,Product_659,Electronics,4371.74,220,3
660,Product_660,Sports,1174.15,270,3.1
661,Product_661,Books,4881.74,120,2.9
662,Product_662,Electronics,1750.79,394,3.5
663,Product_663,Electronics,992.38,336,1.4
664,Product_664,Beauty,3969.52,400,1.1
665,Product_665,Books,3327.67,182,1.2
666,Product_666,Books,2541.16,479,2.8
667,Product_667,Sports,2821.28,106,2.1
668,Product_668,Books,3624.09,217,3.5
669,Product_669,Home & Kitchen,1219.43,205,5
670,Product_670,Beauty,4982.04,70,2.5
671,Product_671,Books,4876.49,44,3.3
672,Product_672,Sports,3286.6,329,2.7
673,Product_673,Home & Kitchen,1077.76,301,4.4
674,Product_674,Clothing,3433.12,228,4.6
675,Product_675,Clothing,453.77,184,4.5
676,Product_676,Home & Kitchen,250.2,107,4.9
677,Product_677,Sports,1362.65,84,1.1
678,Product_678,Home & Kitchen,2366.85,338,4.4
679,Product_679,Beauty,4354.54,250,4
680,Product_680,Beauty,3663.13,363,1.9
681,Product_681,Clothing,3739.26,441,4.8
682,Product_682,Books,2184.92,21,1.6
683,Product_683,Sports,1795.08,196,3.7
684,Product_684,Clothing,1918.09,178,1.9
685,Product_685,Books,4939.48,417,2.7
686,Product_686,Books,296.54,475,3.9
687,Product_687,Beauty,4348.45,7,3.3
688,Product_688,Electronics,2935.51,70,2.7
689,Product_689,Electronics,2249.22,127,2.3
690,Product_690,Home & Kitchen,3653.76,399,4.4
691,Product_691,Beauty,2484.68,466,1.6
692,Product_692,Books,4379.77,160,2.7
693,Product_693,Sports,4513.44,248,4.6
694,Product_694,Electronics,2166.43,203,4.4
695,Product_695,Books,1456.46,148,2.6
696,Product_696,Electronics,3002.52,472,4.1
697,Product_697,Electronics,4570.58,143,4.3
698,Product_698,Electronics,1132.24,432,4.6
699,Product_699,Sports,3152.54,199,3.2
700,Product_700,Beauty,3194.65,405,1.8
701,Product_701,Sports,3692.25,426,2
702,Product_702,Clothing,744.68,154,2.2
703,Product_703,Books,3607.54,492,3.4
704,Product_704,Beauty,4554.26,376,1.1
705,Product_705,Beauty,980.45,384,3.5
706,Product_706,Beauty,1263.96,142,2.5
707,Product_707,Beauty,4859.84,313,2.2
708,Product_708,Sports,986.79,165,4.5
709,Product_709,Beauty,4286.49,314,2.8
710,Product_710,Home & Kitchen,2512.16,21,1.4
711,Product_711,Books,1311.43,82,4.3
712,Product_712,Beauty,4366.67,69,1.2
713,Product_713,Books,2282,131,3.9
714,Product_714,Home & Kitchen,2622.61,87,4.1
715,Product_715,Home & Kitchen,1860.24,218,2.4
716,Product_716,Books,3005.46,421,4.3
717,Product_717,Electronics,901.27,472,3.1
718,Product_718,Clothing,2016.3,305,2.9
719,Product_719,Electronics,4850.12,403,1.2
720,Product_720,Electronics,1364.85,371,2.2
721,Product_721,Sports,3318.01,345,4.7
722,Product_722,Electronics,1693.43,341,2.6
723,Product_723,Beauty,3890.02,384,3.2
724,Product_724,Sports,741.28,396,3.1
725,Product_725,Sports,4852.12,445,3.4
726,Product_726,Home & Kitchen,2323.57,425,1.2
727,Product_727,Electronics,1256.65,161,2.4
728,Product_728,Home & Kitchen,460.13,178,3.9
729,Product_729,Books,931.81,117,1.8
730,Product_730,Clothing,2646.89,196,1.8
731,Product_731,Sports,1751.32,383,1
732,Product_732,Books,4161.53,490,2.7
733,Product_733,Books,2211.35,327,4.5
734,Product_734,Beauty,1318.7,86,1.2
735,Product_735,Clothing,3124.01,289,1.8
736,Product_736,Books,3563.21,81,2.2
737,Product_737,Books,918.51,152,3.9
738,Product_738,Clothing,921.33,61,3.6
739,Product_739,Clothing,279.69,61,2.7
740,Product_740,Books,3708.37,354,4
741,Product_741,Clothing,3352.64,28,3.4
742,Product_742,Books,2425.69,442,4.6
743,Product_743,Books,4236.44,43,4.3
744,Product_744,Beauty,4047.78,169,2
745,Product_745,Electronics,2968.24,423,2.1
746,Product_746,Books,4354.53,86,1.5
747,Product_747,Home & Kitchen,1108.62,177,2.3
748,Product_748,Sports,648.41,17,5
749,Product_749,Electronics,1421.77,98,2.6
750,Product_750,Electronics,379.73,454,1.9
751,Product_751,Electronics,2702.73,494,4
752,Product_752,Beauty,4689.37,198,3.2
753,Product_753,Books,292.78,98,1.6
754,Product_754,Beauty,698.34,65,2.5
755,Product_755,Books,2315.78,330,2.7
756,Product_756,Beauty,4675.99,341,4
757,Product_757,Beauty,1649.16,5,1.1
758,Product_758,Sports,2585.45,2,2.1
759,Product_759,Home & Kitchen,303.71,22,3.1
760,Product_760,Beauty,826.88,112,2.1
761,Product_761,Sports,4934.49,57,3.5
762,Product_762,Clothing,4829.08,66,2.9
763,Product_763,Home & Kitchen,124.21,330,2.4
764,Product_764,Beauty,4763.88,98,4.8
765,Product_765,Electronics,3231.69,144,3.5
766,Product_766,Clothing,4352.8,368,1.5
767,Product_767,Clothing,2328.23,435,3.2
768,Product_768,Sports,2626.42,125,4.1
769,Product_769,Clothing,2495.35,167,3.8
770,Product_770,Home & Kitchen,3367.63,86,1.7
771,Product_771,Beauty,784.29,76,4.9
772,Product_772,Beauty,246.87,344,2.8
773,Product_773,Electronics,1608.86,495,1.6
774,Product_774,Sports,3552.94,424,1.7
775,Product_775,Electronics,1089.08,294,1.4
776,Product_776,Clothing,3399.82,444,4.2
777,Product_777,Electronics,4852.57,59,1.5
778,Product_778,Home & Kitchen,560.11,138,1.5
779,Product_779,Beauty,3395.75,99,4.4
780,Product_780,Clothing,2274.38,192,2.4
781,Product_781,Electronics,4353.9,243,1.1
782,Product_782,Sports,968.03,319,1.2
783,Product_783,Home & Kitchen,3493.87,49,1.6
784,Product_784,Home & Kitchen,4206.76,448,1.9
785,Product_785,Electronics,4728.61,32,3.7
786,Product_786,Beauty,3447.92,391,1.6
787,Product_787,Electronics,2536.16,277,1.5
788,Product_788,Clothing,3127.45,20,4.1
789,Product_789,Electronics,4357.63,154,3.7
790,Product_790,Home & Kitchen,2895.99,383,2.7
791,Product_791,Electronics,248.9,68,3.2
792,Product_792,Beauty,4661.65,366,2.2
793,Product_793,Sports,3478.68,372,2.9
794,Product_794,Books,3414.92,214,3
795,Product_795,Electronics,1156.81,143,2.5
796,Product_796,Beauty,3328.54,376,4.6
797,Product_797,Beauty,2029.94,232,1.1
798,Product_798,Sports,3291.04,213,4.1
799,Product_799,Home & Kitchen,622.31,79,1.5
800,Product_800,Beauty,3323.44,214,4.2
801,Product_801,Beauty,4997.13,116,3.5
802,Product_802,Beauty,336.24,92,4.4
803,Product_803,Beauty,4888.15,270,1.4
804,Product_804,Clothing,2093.85,411,3.2
805,Product_805,Clothing,4366.69,381,3
806,Product_806,Home & Kitchen,3933.69,489,3.8
807,Product_807,Electronics,2878.38,168,3.1
808,Product_808,Beauty,3718.4,58,3.2
809,Product_809,Sports,4404.73,284,2.7
810,Product_810,Electronics,2080.29,26,2.2
811,Product_811,Sports,1702.46,369,2.9
812,Product_812,Electronics,3371.21,447,1.5
813,Product_813,Home & Kitchen,4058.45,66,4.8
814,Product_814,Beauty,3835.2,409,3.9
815,Product_815,Beauty,4009.29,248,4.8
816,Product_816,Books,2234.36,254,1.9
817,Product_817,Sports,4107.39,387,4.5
818,Product_818,Electronics,689.02,456,4.2
819,Product_819,Electronics,2768,44,3.7
820,Product_820,Clothing,128.22,97,3.5
821,Product_821,Books,1690.47,42,2.3
822,Product_822,Clothing,1895.66,227,4.3
823,Product_823,Clothing,2041.25,262,3
824,Product_824,Clothing,3507.79,167,1.3
825,Product_825,Sports,2003.93,436,2.3
826,Product_826,Sports,2298.6,279,4.7
827,Product_827,Home & Kitchen,1263.97,89,4.4
828,Product_828,Home & Kitchen,1928.93,379,4.9
829,Product_829,Clothing,1213.62,178,3.5
830,Product_830,Books,458.66,427,2
831,Product_831,Electronics,3056.9,403,1.7
832,Product_832,Sports,3374.24,197,1.7
833,Product_833,Books,3135.5,307,1.1
834,Product_834,Beauty,2371.12,267,2.6
835,Product_835,Sports,1960.95,268,1.8
836,Product_836,Sports,4330.33,74,2.6
837,Product_837,Home & Kitchen,2643.5,8,4.7
838,Product_838,Electronics,2447.99,408,2.7
839,Product_839,Electronics,225.65,476,4.5
840,Product_840,Beauty,1772.11,297,3.4
841,Product_841,Beauty,1962.96,164,2
842,Product_842,Sports,2054.23,485,2.4
843,Product_843,Clothing,2942.84,85,1.3
844,Product_844,Home & Kitchen,2714.65,72,2.3
845,Product_845,Home & Kitchen,3078.73,55,3.7
846,Product_846,Sports,3847.93,393,1.3
847,Product_847,Books,4083.63,47,1.8
848,Product_848,Clothing,3618.8,399,2.5
849,Product_849,Sports,4782.07,432,4.9
850,Product_850,Clothing,189.34,238,4.1
851,Product_851,Clothing,1059.31,104,3.9
852,Product_852,Clothing,137.06,210,1.5
853,Product_853,Sports,3272.63,42,4.1
854,Product_854,Home & Kitchen,4500.35,316,4.1
855,Product_855,Home & Kitchen,1293.06,468,3.4
856,Product_856,Clothing,4642.47,454,5
857,Product_857,Books,395.31,268,2.3
858,Product_858,Electronics,4678.74,386,4.8
859,Product_859,Sports,1822.95,263,4.7
860,Product_860,Electronics,596.96,336,1
861,Product_861,Books,2480.77,387,2.8
862,Product_862,Sports,1358.21,365,4.9
863,Product_863,Clothing,1495.88,259,1.4
864,Product_864,Home & Kitchen,1605.72,283,3.2
865,Product_865,Electronics,4034.83,114,4.9
866,Product_866,Beauty,2741.89,363,3.2
867,Product_867,Beauty,1625.41,40,1.8
868,Product_868,Books,3090.64,486,3.3
869,Product_869,Clothing,3609.14,417,1.8
870,Product_870,Electronics,1435.86,220,3.1
871,Product_871,Clothing,2126.39,129,1.3
872,Product_872,Electronics,697.24,8,3.4
873,Product_873,Books,987.63,101,3.1
874,Product_874,Books,3437.48,416,4
875,Product_875,Beauty,989.05,380,3.5
876,Product_876,Clothing,2673.3,176,3.2
877,Product_877,Sports,3574.33,107,3.8
878,Product_878,Beauty,623.7,101,1.6
879,Product_879,Clothing,2879.83,260,3.4
880,Product_880,Beauty,1357.16,478,1.7
881,Product_881,Sports,4818.34,454,4.7
882,Product_882,Home & Kitchen,2469.37,366,1.3
883,Product_883,Home & Kitchen,4049.36,246,2.7
884,Product_884,Home & Kitchen,2796.11,275,3.8
885,Product_885,Home & Kitchen,312.72,32,2.8
886,Product_886,Electronics,3202.44,137,1.4
887,Product_887,Home & Kitchen,4761.88,12,3.2
888,Product_888,Sports,3047.9,395,3.6
889,Product_889,Books,4114.03,302,3.8
890,Product_890,Books,4432.61,375,2.5
891,Product_891,Electronics,1217.59,16,3.3
892,Product_892,Home & Kitchen,1139.02,129,2.8
893,Product_893,Home & Kitchen,3093.81,63,3.7
894,Product_894,Home & Kitchen,2114.04,109,3.3
895,Product_895,Beauty,4215.32,375,3.1
896,Product_896,Clothing,4510.11,21,2
897,Product_897,Beauty,1831.76,158,1
898,Product_898,Clothing,1260.67,269,1.7
899,Product_899,Home & Kitchen,3924.58,162,1.5
900,Product_900,Home & Kitchen,1446.55,260,2.8
901,Product_901,Beauty,4130.81,412,3.4
902,Product_902,Beauty,2176.32,102,1.9
903,Product_903,Clothing,3370.99,223,4.8
904,Product_904,Books,568.12,59,1
905,Product_905,Clothing,3156.91,247,4.1
906,Product_906,Beauty,2313.66,128,3.5
907,Product_907,Sports,2974.38,283,2.5
908,Product_908,Beauty,923.27,325,1.2
909,Product_909,Sports,3710.68,25,3.5
910,Product_910,Electronics,4327.71,131,2.5
911,Product_911,Beauty,1162.03,353,4.7
912,Product_912,Electronics,569,196,3.2
913,Product_913,Books,215.83,281,4.8
914,Product_914,Clothing,3245.66,404,1.9
915,Product_915,Sports,3074.76,418,3.9
916,Product_916,Clothing,2778.82,154,3.5
917,Product_917,Electronics,1236.54,382,4
918,Product_918,Sports,2015.44,133,1.9
919,Product_919,Clothing,3012.93,227,3.7
920,Product_920,Beauty,2534.16,189,3
921,Product_921,Home & Kitchen,4940.15,476,4
922,Product_922,Electronics,768.55,477,2.3
923,Product_923,Clothing,3506.21,265,4.6
924,Product_924,Electronics,2081.16,372,1.3
925,Product_925,Electronics,2198.18,486,4.2
926,Product_926,Sports,3616.23,434,4.4
927,Product_927,Sports,3492.94,134,4.3
928,Product_928,Home & Kitchen,4957.15,211,3.1
929,Product_929,Beauty,729.13,60,2.8
930,Product_930,Electronics,610.14,428,5
931,Product_931,Clothing,3649.26,377,1.9
932,Product_932,Books,2934.1,395,3.2
933,Product_933,Electronics,1443.39,450,3.7
934,Product_934,Electronics,489.15,431,3.8
935,Product_935,Home & Kitchen,519.73,364,1.8
936,Product_936,Beauty,4481.54,364,3.6
937,Product_937,Books,1040.15,457,4.3
938,Product_938,Sports,1684.52,213,1.2
939,Product_939,Sports,1210.62,216,4.6
940,Product_940,Clothing,1839.48,226,1.1
941,Product_941,Books,440.18,470,2.4
942,Product_942,Sports,2643.39,131,1.1
943,Product_943,Clothing,431.3,76,1.3
944,Product_944,Beauty,4021.75,476,4.6
945,Product_945,Clothing,1245.19,286,2.4
946,Product_946,Sports,2746.06,474,2.7
947,Product_947,Home & Kitchen,4412.39,496,1.9
948,Product_948,Home & Kitchen,3289.3,277,3.4
949,Product_949,Home & Kitchen,2711.49,156,3.4
950,Product_950,Sports,1689.24,248,2.5
951,Product_951,Home & Kitchen,1731.71,218,2.3
952,Product_952,Books,3380.49,190,4.5
953,Product_953,Beauty,4971.28,417,2.5
954,Product_954,Clothing,3343.01,469,3
955,Product_955,Clothing,2833.14,163,2.1
956,Product_956,Sports,3680.19,180,4.1
957,Product_957,Home & Kitchen,2379.51,34,2.6
958,Product_958,Home & Kitchen,394.7,41,3.1
959,Product_959,Electronics,2855.25,307,2
960,Product_960,Beauty,4792.36,431,5
961,Product_961,Books,958.98,338,2.2
962,Product_962,Clothing,3481.02,314,4.1
963,Product_963,Electronics,1084.58,75,2.7
964,Product_964,Electronics,2725.56,441,1.8
965,Product_965,Sports,573.71,279,4.2
966,Product_966,Clothing,2306.82,176,2.3
967,Product_967,Sports,3805.2,384,4.5
968,Product_968,Books,1803.1,150,4.7
969,Product_969,Electronics,3358.07,273,4.4
970,Product_970,Electronics,3997.7,325,1.1
971,Product_971,Beauty,4643.17,108,4.1
972,Product_972,Books,1249.75,139,2.6
973,Product_973,Electronics,2056.65,350,4.5
974,Product_974,Books,846.84,271,3.6
975,Product_975,Clothing,4963.17,347,4.3
976,Product_976,Home & Kitchen,4642.3,419,3
977,Product_977,Electronics,2745.79,289,3.1
978,Product_978,Beauty,4225.96,212,1.6
979,Product_979,Clothing,2652.69,381,4.1
980,Product_980,Books,3155.57,272,2.7
981,Product_981,Sports,536.71,418,3
982,Product_982,Clothing,3800.83,66,4.1
983,Product_983,Electronics,725.8,483,3.4
984,Product_984,Books,4147.73,424,1.8
985,Product_985,Home & Kitchen,3931.94,248,3.4
986,Product_986,Clothing,3572.85,156,2.6
987,Product_987,Electronics,277.19,47,2.9
988,Product_988,Beauty,1585.33,423,1.1
989,Product_989,Sports,1389.25,454,1.8
990,Product_990,Books,1864.67,201,2.1
991,Product_991,Clothing,529.45,148,3.9
992,Product_992,Clothing,4691.09,124,1
993,Product_993,Home & Kitchen,2813.63,1,2.6
994,Product_994,Home & Kitchen,1597.07,456,4.7
995,Product_995,Beauty,2045.21,247,1.4
996,Product_996,Sports,2291.29,343,3.1
997,Product_997,Beauty,3042.91,128,4.1
998,Product_998,Electronics,2626.83,191,4.8
999,Product_999,Electronics,4605.02,67,4
1000,Product_1000,Beauty,2535.12,4,3.9
